mindate,maxdate,name,datacoverage,id
1983-01-01,2024-07-31,"Abu Dhabi, AE",0.9975,CITY:AE000001
1944-03-01,2024-07-31,"Ajman, AE",1,CITY:AE000002
1944-03-01,2024-07-31,"Dubai, AE",1,CITY:AE000003
1944-03-01,2024-07-31,"Sharjah, AE",1,CITY:AE000006
1966-03-02,2021-08-30,"Kabul, AF",0.9969,CITY:AF000007
1973-01-02,2020-12-31,"Kandahar, AF",1,CITY:AF000008
1877-04-01,2024-07-31,"Algiers, AG",1,CITY:AG000001
1909-11-01,2024-07-31,"Annaba, AG",1,CITY:AG000002
1973-04-01,2024-07-31,"Batna, AG",1,CITY:AG000003
1957-01-01,2024-07-31,"Bechar, AG",1,CITY:AG000004
1909-11-01,2024-07-31,"Bejaia, AG",1,CITY:AG000005
1880-05-01,2024-07-31,"Constantine, AG",1,CITY:AG000006
1995-10-01,2024-07-31,"Guelma, AG",1,CITY:AG000007
1888-01-01,2024-07-31,"Laghouat, AG",1,CITY:AG000008
1995-10-01,2024-07-31,"Medea, AG",0.9877,CITY:AG000009
1976-04-01,2024-07-31,"Mostaganem, AG",1,CITY:AG000010
1957-01-01,2024-11-14,"Oran, AG",1,CITY:AG000011
1985-02-01,2024-07-31,"Oum el Bouaghi, AG",1,CITY:AG000012
1981-01-01,2024-07-31,"Saida, AG",1,CITY:AG000013
1995-10-01,2024-07-31,"Sidi-Bel-Abbes, AG",0.9995,CITY:AG000014
1957-12-31,2024-07-31,"Skikda, AG",1,CITY:AG000015
1940-01-01,2014-02-01,"Tamanrasset, AG",0.9973,CITY:AG000016
1981-01-01,2024-07-31,"Tlemcen, AG",1,CITY:AG000017
1881-07-01,1992-01-31,"Baku, AJ",0.991,CITY:AJ000001
1925-09-01,1991-12-31,"Naxcivian, AJ",1,CITY:AJ000002
1973-02-05,2024-07-31,"Durres, AL",0.9925,CITY:AL000001
1951-01-01,2000-12-31,"Shkoder, AL",0.9916,CITY:AL000004
1940-04-01,2024-07-31,"Tirana, AL",0.9925,CITY:AL000005
1885-06-01,2024-07-31,"Yerevan, AM",1,CITY:AM000001
1960-04-01,2024-07-31,"Luanda, AO",0.4997,CITY:AO000005
1957-09-01,2024-07-31,"Lubango, AO",1,CITY:AO000006
1955-01-01,2015-10-01,"Namibe, AO",0.7495,CITY:AO000008
1956-02-01,2024-07-31,"Bahia Blanca, AR",0.9973,CITY:AR000001
1908-09-01,2024-07-31,"Buenos Aires, AR",1,CITY:AR000002
1973-07-01,2024-07-31,"Catamarca, AR",0.9722,CITY:AR000003
1956-02-01,2024-07-31,"Comodoro Rivadavia, AR",0.9987,CITY:AR000004
1956-02-01,2024-07-31,"Cordoba, AR",1,CITY:AR000005
1960-01-01,2024-07-31,"Corrientes, AR",0.9973,CITY:AR000006
1973-01-01,2024-07-31,"Formosa, AR",0.9736,CITY:AR000007
1973-01-01,2024-07-31,"La Plata, AR",0.8363,CITY:AR000008
1956-02-01,2024-07-31,"La Rioja, AR",1,CITY:AR000009
1957-06-30,2024-07-31,"Mendoza, AR",1,CITY:AR000010
1956-08-01,2024-07-31,"Neuquen, AR",0.9819,CITY:AR000011
1956-02-01,2024-07-31,"Parana, AR",1,CITY:AR000012
1951-01-01,2024-07-31,"Posadas, AR",1,CITY:AR000013
1960-01-01,2024-07-31,"Resistencia, AR",0.9973,CITY:AR000014
1956-02-01,2024-07-31,"Rio Gallegos, AR",0.9723,CITY:AR000015
1965-03-01,2024-07-31,"Rosario, AR",0.879,CITY:AR000016
1956-02-01,2024-07-31,"Salta, AR",1,CITY:AR000017
1973-01-01,2024-07-31,"San Juan, AR",1,CITY:AR000018
1957-06-01,2024-07-31,"San Luis, AR",1,CITY:AR000019
1981-11-01,2024-07-31,"San Miguel De Tucuman, AR",1,CITY:AR000020
1951-01-01,2024-07-31,"Santa Rosa, AR",1,CITY:AR000023
1956-02-01,2024-07-31,"Santiago Del Estero, AR",1,CITY:AR000024
1957-06-01,2024-07-31,"Ushuaia, AR",1,CITY:AR000025
1750-02-04,2024-07-31,"Adelaide, AS",1,CITY:AS000001
1750-02-01,2024-07-31,"Brisbane, AS",1,CITY:AS000002
1750-03-01,2024-07-31,"Cairns, AS",1,CITY:AS000003
1750-02-02,2024-07-31,"Canberra, AS",1,CITY:AS000004
1750-02-05,2024-07-31,"Darwin, AS",1,CITY:AS000005
1750-02-01,2024-07-31,"Melbourne, AS",1,CITY:AS000006
1750-03-01,2024-07-31,"Newcastle, AS",1,CITY:AS000007
1750-02-01,2024-07-31,"Perth, AS",1,CITY:AS000008
1750-03-01,2024-07-31,"Rockhampton, AS",1,CITY:AS000009
1750-02-01,2024-07-31,"Sydney, AS",1,CITY:AS000010
1750-03-01,2024-07-31,"Townsville, AS",1,CITY:AS000011
1894-01-01,2024-07-31,"Graz, AU",0.9995,CITY:AU000001
1877-01-01,2024-07-31,"Innsbruck, AU",0.9993,CITY:AU000002
1952-01-01,2024-07-31,"Klagenfurt, AU",1,CITY:AU000003
1874-01-01,2024-07-31,"Salzburg, AU",1,CITY:AU000005
1855-02-01,2024-07-31,"Vienna, AU",1,CITY:AU000006
1944-03-01,2024-11-14,"Al-Muharraq, BA",0.9819,CITY:BA000001
1944-03-01,2024-11-14,"Manama, BA",0.9819,CITY:BA000002
1943-09-17,2024-08-02,"Bridgetown, BB",1,CITY:BB000001
1922-01-01,2024-07-27,"Francistown, BC",1,CITY:BC000001
1925-04-01,2016-05-09,"Gaborone, BC",0.9975,CITY:BC000002
1924-02-01,1989-06-30,"Molepolole, BC",0.9746,CITY:BC000003
1833-01-01,2024-07-31,"Brussels, BE",0.9993,CITY:BE000002
1991-06-01,2024-06-30,"Gent, BE",1,CITY:BE000003
1906-01-01,2024-07-31,"Hasselt, BE",1,CITY:BE000004
1950-12-01,2024-06-10,"Liege, BE",1,CITY:BE000005
1961-01-01,2024-08-01,"Nassau, BF",1,CITY:BF000001
1961-01-01,2024-07-31,"Barisal, BG",0.445,CITY:BG000001
1982-01-01,2024-07-31,"Chittagong, BG",0.9819,CITY:BG000002
1945-02-28,2024-07-31,"Dhaka, BG",1,CITY:BG000003
1901-01-01,2024-07-31,"Rajshahi, BG",0.9988,CITY:BG000005
1960-11-01,2024-07-31,"Belize, BH",0.7263,CITY:BH000001
1897-10-01,2024-07-31,"Sarajevo, BK",1,CITY:BK000001
1973-01-01,2024-07-31,"Cochabamba, BL",0.9862,CITY:BL000001
1942-06-01,2024-07-31,"La Paz, BL",1,CITY:BL000002
1958-05-01,2024-07-31,"Oruro, BL",1,CITY:BL000003
1973-08-18,2024-07-31,"Potosi, BL",0.9819,CITY:BL000004
1958-05-01,2024-07-31,"Santa Cruz de La Sierra, BL",1,CITY:BL000005
1973-06-01,2016-05-13,"Sucre, BL",0.8766,CITY:BL000006
1973-06-01,2024-07-31,"Tarija, BL",1,CITY:BL000007
1973-01-01,2024-07-31,"Trinidad, BL",0.9789,CITY:BL000008
1950-02-01,2024-07-31,"Mandalay, BM",0.7318,CITY:BM000003
1944-07-13,2024-07-31,"Myitkyina, BM",1,CITY:BM000005
1954-05-01,2024-07-31,"Rangoon, BM",0.5308,CITY:BM000007
1950-02-01,2024-07-31,"Sagaing, BM",0.7318,CITY:BM000008
1945-03-02,2024-07-31,"Sittwe, BM",1,CITY:BM000009
1973-01-01,2024-07-31,"Abomey, BN",1,CITY:BN000001
1941-01-01,2024-07-31,"Cotonou, BN",0.9823,CITY:BN000002
1954-09-01,2024-05-16,"Lokossa, BN",0.9437,CITY:BN000003
1945-01-01,2024-07-31,"Natitingou, BN",0.9825,CITY:BN000004
1973-01-01,2024-07-31,"Parakou, BN",1,CITY:BN000005
1944-09-01,2024-07-31,"Brest, BO",1,CITY:BO000001
1955-01-01,2024-07-31,"Homyel', BO",0.9932,CITY:BO000002
1945-04-01,2014-08-01,"Hrodna, BO",0.994,CITY:BO000003
1945-01-01,2014-08-01,"Mahilyow, BO",0.9952,CITY:BO000004
1891-04-01,2024-07-31,"Minsk, BO",1,CITY:BO000005
1936-01-01,2024-07-31,"Vitsyebsk, BO",0.9574,CITY:BO000006
1943-03-16,2024-07-31,"Honiara, BP",1,CITY:BP000001
1912-02-01,2002-06-09,"Aracaju, BR",1,CITY:BR000001
1942-10-01,2024-07-31,"Belem, BR",1,CITY:BR000002
1939-01-01,2024-07-31,"Belo Horizonte, BR",1,CITY:BR000003
1974-06-01,1997-06-18,"Boa Vista, BR",0.1552,CITY:BR000004
1973-08-01,2000-03-08,"Brasilia, BR",1,CITY:BR000005
1963-01-01,2000-01-31,"Campo Grande, BR",0.9991,CITY:BR000006
1968-07-01,2000-07-31,"Cuiaba, BR",1,CITY:BR000007
1939-07-01,2024-07-31,"Curitiba, BR",1,CITY:BR000008
1945-10-01,1999-04-30,"Florianopolis, BR",0.9994,CITY:BR000009
1910-10-01,2000-12-31,"Fortaleza, BR",1,CITY:BR000010
1947-11-01,1999-04-30,"Goiania, BR",1,CITY:BR000011
1910-10-01,2024-07-31,"Joao Pessoa, BR",0.9995,CITY:BR000012
1973-01-01,2024-07-31,"Macapa, BR",0.8761,CITY:BR000013
1912-10-01,2024-07-31,"Maceio, BR",1,CITY:BR000014
1973-02-01,1994-09-03,"Manaus, BR",0.1924,CITY:BR000015
1910-10-01,1999-06-30,"Natal, BR",1,CITY:BR000016
1955-01-01,1999-12-31,"Niteroi, BR",1,CITY:BR000017
1976-06-01,1994-12-31,"Palmas, BR",0.9282,CITY:BR000018
1941-01-01,2024-07-31,"Porto Alegre, BR",1,CITY:BR000019
1973-01-01,1997-03-28,"Porto Velho, BR",0.464,CITY:BR000020
1920-05-01,1999-12-31,"Recife, BR",1,CITY:BR000021
1973-07-01,1997-02-28,"Rio Branco, BR",1,CITY:BR000022
1938-01-01,2024-07-31,"Rio de Janeiro, BR",1,CITY:BR000023
1911-01-01,1999-04-30,"Salvador, BR",1,CITY:BR000024
1968-05-01,2024-07-31,"Santarem, BR",0.9867,CITY:BR000025
1936-01-01,1997-12-31,"Santos, BR",0.9998,CITY:BR000026
1910-05-01,1993-01-12,"Sao Luis, BR",1,CITY:BR000027
1901-01-01,2024-07-31,"Sao Paulo, BR",1,CITY:BR000028
1912-07-01,2024-07-31,"Teresina, BR",0.9815,CITY:BR000029
1951-01-01,2000-12-31,"Vitoria, BR",1,CITY:BR000030
1952-01-01,2024-07-31,"Sofia, BU",0.9819,CITY:BU000002
1952-01-01,2024-07-31,"Varna, BU",0.8833,CITY:BU000003
1981-01-01,2024-07-31,"Bandar Seri Begawan, BX",0.9545,CITY:BX000001
1950-01-01,1989-12-31,"Bujumbura, BY",1,CITY:BY000001
1950-01-01,1989-12-31,"Muyinga, BY",0.9125,CITY:BY000002
1881-10-01,2024-08-01,"Calgary, CA",1,CITY:CA000001
1880-07-01,2024-08-01,"Edmonton, CA",1,CITY:CA000002
1871-12-01,2024-08-02,"Fredericton, CA",1,CITY:CA000003
1871-04-01,2024-08-01,"Halifax, CA",1,CITY:CA000004
1871-07-01,2024-08-02,"Montreal, CA",1,CITY:CA000005
1870-04-01,2024-08-02,"Ottawa, CA",1,CITY:CA000006
1872-06-01,2024-08-02,"Quebec, CA",1,CITY:CA000007
1883-12-01,2024-08-01,"Regina, CA",1,CITY:CA000008
1871-01-01,2024-08-02,"Saint John, CA",1,CITY:CA000009
1892-03-01,2024-08-01,"Saskatoon, CA",1,CITY:CA000010
1840-03-01,2024-08-02,"Toronto, CA",1,CITY:CA000011
1874-09-01,2024-08-02,"Vancouver, CA",1,CITY:CA000012
1872-01-01,2024-08-02,"Victoria, CA",1,CITY:CA000013
1872-03-01,2024-08-02,"Winnipeg, CA",1,CITY:CA000014
1950-01-01,2024-07-31,"Phnom Penh, CB",1,CITY:CB000004
1950-01-01,2024-07-31,"Abeche, CD",0.9253,CITY:CD000001
1950-08-01,2024-07-31,"Moundou, CD",0.9237,CITY:CD000002
1950-01-01,2024-07-31,"Ndjamena, CD",0.9075,CITY:CD000003
1950-01-01,2024-07-31,"Sarh, CD",0.9075,CITY:CD000004
1956-01-01,2024-01-15,"Colombo, CE",1,CITY:CE000002
1957-07-01,2024-02-04,"Trincomalee, CE",1,CITY:CE000005
1947-03-01,2024-07-31,"Brazzaville, CF",0.998,CITY:CF000001
1949-01-01,2024-07-31,"Loubomo, CF",0.8704,CITY:CF000002
1947-03-01,2024-07-31,"Pointe Noire, CF",0.9457,CITY:CF000003
1976-05-01,2023-05-03,"Bandundu, CG",0.2847,CITY:CG000001
1980-03-12,2023-09-21,"Kananga, CG",0.2302,CITY:CG000002
1947-03-01,2024-07-31,"Kinshasa, CG",0.998,CITY:CG000003
1973-05-01,2024-07-31,"Lumumbashi, CG",0.0973,CITY:CG000005
1973-04-13,1999-10-21,"Matadi, CG",0.2717,CITY:CG000006
1973-02-01,2014-09-15,"Mbandaka, CG",0.1996,CITY:CG000007
1980-07-02,2024-01-18,"Mbuji-Mayi, CG",0.0758,CITY:CG000008
1945-10-31,2024-07-31,"Beijing, CH",1,CITY:CH000003
1951-01-01,2024-07-31,"Changchun, CH",1,CITY:CH000004
1944-02-15,2024-07-31,"Changsha, CH",1,CITY:CH000005
1951-01-01,2024-07-31,"Chengdu, CH",1,CITY:CH000006
1944-11-11,2024-07-31,"Chongqing, CH",1,CITY:CH000007
1951-01-01,2024-07-31,"Dalian, CH",1,CITY:CH000008
1951-01-01,2024-07-31,"Fushun, CH",1,CITY:CH000009
1953-01-01,2024-07-31,"Fuzhou, CH",1,CITY:CH000010
1945-11-30,2024-07-31,"Guangzhou, CH",1,CITY:CH000011
1945-02-04,2024-07-31,"Guiyang, CH",1,CITY:CH000012
1951-01-01,2024-07-31,"Hangzhou, CH",1,CITY:CH000013
1951-01-01,2024-07-31,"Harbin, CH",1,CITY:CH000014
1952-01-01,2024-07-31,"Hefei, CH",1,CITY:CH000015
1946-09-01,2000-03-31,"Hong Kong, CH",1,CITY:CH000016
1951-01-01,2024-11-14,"Huhot, CH",0.9986,CITY:CH000017
1951-01-01,2024-07-31,"Jinan, CH",1,CITY:CH000019
1951-01-01,2024-07-31,"Kashi, CH",1,CITY:CH000020
1942-07-13,2024-07-31,"Kunming, CH",1,CITY:CH000021
1951-01-01,2015-01-30,"Lanzhou, CH",1,CITY:CH000022
1955-01-01,2024-07-31,"Lhasa, CH",1,CITY:CH000023
1952-01-01,2024-07-31,"Macau, CH",0.9493,CITY:CH000025
1951-01-01,2024-07-31,"Nanchang, CH",1,CITY:CH000026
1951-01-01,2024-07-31,"Nanjing, CH",1,CITY:CH000027
1944-01-15,2024-07-31,"Nanning, CH",1,CITY:CH000028
1946-01-01,2024-07-31,"Qingdao, CH",0.9994,CITY:CH000029
1951-01-01,2024-07-31,"Qiqihar, CH",1,CITY:CH000030
1945-12-01,2024-07-31,"Shanghai, CH",1,CITY:CH000031
1951-01-01,2024-07-31,"Shenyang, CH",1,CITY:CH000032
1955-01-01,2024-07-31,"Shijiazhuang, CH",1,CITY:CH000033
1951-01-01,2024-07-31,"Taiyuan, CH",1,CITY:CH000037
1954-01-01,2024-07-31,"Tianjin, CH",1,CITY:CH000039
1951-01-01,2024-07-31,"Urumqi, CH",1,CITY:CH000040
1951-01-01,2024-07-31,"Wuhan, CH",1,CITY:CH000041
1951-01-01,2024-07-31,"Xi'an, CH",1,CITY:CH000042
1954-01-01,2024-07-31,"Xining, CH",1,CITY:CH000043
1951-01-01,2024-07-31,"Yinchuan, CH",1,CITY:CH000044
1951-01-01,2024-07-31,"Zhengzhou, CH",1,CITY:CH000045
1946-11-13,2024-07-31,"Antofagasta, CI",1,CITY:CI000001
1973-01-01,2024-11-14,"Concepcion, CI",1,CITY:CI000002
1964-07-01,2005-01-31,"Copiapo, CI",1,CITY:CI000003
1957-07-01,2024-07-31,"Coquimbo, CI",0.8496,CITY:CI000004
1957-07-01,2024-07-31,"La Serena, CI",0.8496,CITY:CI000006
1953-01-01,2024-07-31,"Puerto Montt, CI",1,CITY:CI000007
1963-07-01,2024-07-31,"Punta Arenas, CI",0.8751,CITY:CI000008
1946-11-13,2024-07-31,"Santiago, CI",1,CITY:CI000009
1963-01-01,2024-07-31,"Temuco, CI",1,CITY:CI000011
2001-09-01,2020-10-14,"Bertoua, CM",0.1429,CITY:CM000003
1948-01-01,2024-07-31,"Douala, CM",1,CITY:CM000004
1973-01-11,2024-07-31,"Garoua, CM",1,CITY:CM000006
1973-01-01,2024-07-29,"Maroua, CM",0.8036,CITY:CM000007
1973-01-01,2024-07-30,"Ngaoundere, CM",0.8555,CITY:CM000008
1964-09-01,2024-07-31,"Arauca, CO",1,CITY:CO000001
1964-09-01,2024-07-31,"Armenia, CO",0.998,CITY:CO000002
1941-05-02,2024-07-31,"Barranquilla, CO",0.9819,CITY:CO000003
1941-03-02,2024-07-31,"Bogota, CO",1,CITY:CO000004
1975-04-01,2024-07-31,"Bucaramanga, CO",0.9819,CITY:CO000005
1961-01-01,2024-07-31,"Cali, CO",0.9418,CITY:CO000006
1963-11-01,2024-07-31,"Cartagena, CO",0.8999,CITY:CO000007
1964-09-01,2024-07-31,"Cucuta, CO",1,CITY:CO000008
1973-01-01,2024-07-31,"Ibague, CO",0.6898,CITY:CO000010
1958-01-01,2024-07-31,"Medellin, CO",0.998,CITY:CO000012
1964-09-01,2024-07-31,"Monteria, CO",0.4879,CITY:CO000013
1964-09-01,2024-07-31,"Neiva, CO",1,CITY:CO000014
1957-01-01,2024-07-31,"Pasto, CO",0.998,CITY:CO000015
1963-03-01,2024-07-31,"Pereira, CO",0.998,CITY:CO000016
1963-01-21,2024-07-31,"Quibdo, CO",0.7495,CITY:CO000017
1973-01-01,2024-07-31,"Riohacha, CO",0.4239,CITY:CO000018
1962-01-01,2024-07-31,"San Andres, CO",0.9315,CITY:CO000019
1964-09-01,2024-07-31,"Santa Marta, CO",0.9819,CITY:CO000020
1969-08-01,2024-07-31,"Valledupar, CO",0.7125,CITY:CO000023
1964-09-01,2024-07-31,"Villavicencio, CO",0.9973,CITY:CO000024
1949-02-01,2024-07-31,"Puerto Limon, CS",0.9994,CITY:CS000001
1955-07-04,2024-07-31,"San Jose, CS",1,CITY:CS000002
1950-01-01,2024-07-31,"Bangui, CT",1,CITY:CT000001
1950-01-01,2024-07-31,"Berberati, CT",0.9082,CITY:CT000002
1942-07-01,2016-10-07,"Camaguey, CU",0.6531,CITY:CU000001
1973-01-01,2024-08-02,"Havana, CU",1,CITY:CU000005
1996-11-15,2024-08-02,"Matanzas, CU",0.95,CITY:CU000008
1973-01-01,2024-07-25,"Praia, CV",0.9819,CITY:CV000001
1916-09-01,2013-12-31,"Lemesos, CY",1,CITY:CY000001
1881-08-01,2013-12-31,"Nicosia, CY",1,CITY:CY000002
1940-04-01,2024-07-31,"Alborg, DA",1,CITY:DA000001
1863-01-01,2024-06-30,"Copenhagen, DA",1,CITY:DA000003
2017-11-01,2018-06-25,"La Romana, DR",0.95,CITY:DR000004
2017-11-01,2018-06-25,"San Pedro De Macoris, DR",0.95,CITY:DR000007
1992-10-01,2024-07-31,"Santiago, DR",0.9539,CITY:DR000008
1943-11-01,2024-07-31,"Santo Domingo, DR",1,CITY:DR000009
1961-01-01,1986-12-31,"Babahoyo, EC",0.952,CITY:EC000002
2001-10-01,2024-07-12,"Loja, EC",0.9819,CITY:EC000006
2001-10-01,2024-07-15,"Portoviejo, EC",0.9819,CITY:EC000008
2005-09-01,2024-07-31,"Quito, EC",0.9819,CITY:EC000009
1990-02-01,2024-07-31,"Al Ghurdaqah, EG",1,CITY:EG000001
1957-01-01,2023-08-09,"Alexandria, EG",1,CITY:EG000002
1957-01-12,2024-07-31,"Aswan, EG",0.87,CITY:EG000003
1900-01-01,1966-12-31,"Cairo, EG",1,CITY:EG000005
1900-01-01,1966-12-31,"Giza, EG",1,CITY:EG000007
1884-01-01,1957-01-02,"Ismailia, EG",0.8382,CITY:EG000008
1920-01-01,2024-07-31,"Marsa Matruh, EG",0.9993,CITY:EG000009
2004-05-01,2024-07-31,"Qena, EG",1,CITY:EG000010
1906-12-01,1957-12-31,"Suez, EG",0.9973,CITY:EG000012
1973-01-01,2024-07-31,"Cork, EI",0.9929,CITY:EI000001
1867-01-01,2024-07-31,"Dublin, EI",1,CITY:EI000002
1861-01-01,2002-12-31,"Galway, EI",1,CITY:EI000003
2007-11-12,2024-07-31,"Bata, EK",1,CITY:EK000001
1996-05-01,2024-07-31,"Malabo, EK",1,CITY:EK000002
1870-06-30,2024-07-31,"Tallinn, EN",0.9928,CITY:EN000001
1943-01-01,2015-11-12,"Asmara, ER",0.9963,CITY:ER000001
1956-01-03,2024-07-31,"Nueva San Salvador, ES",1,CITY:ES000001
1956-01-03,2024-07-31,"San Salvador, ES",1,CITY:ES000002
1962-04-01,2024-07-31,"Sonsonate, ES",0.7805,CITY:ES000004
1951-01-01,2024-07-31,"Addis Ababa, ET",1,CITY:ET000001
1987-01-01,1988-12-31,"Arba Minch, ET",0.9925,CITY:ET000002
1972-07-01,1988-12-31,"Awasa, ET",0.9998,CITY:ET000003
1953-11-01,1987-12-31,"Debre Markos, ET",0.9976,CITY:ET000004
1952-06-01,2024-07-25,"Dese, ET",1,CITY:ET000005
1952-06-01,2024-07-17,"Gonder, ET",0.8835,CITY:ET000006
1952-06-01,2024-07-25,"Jima, ET",1,CITY:ET000007
1939-04-01,2024-07-31,"Brno, EZ",0.7169,CITY:EZ000001
1953-01-01,2024-07-31,"Ostrava, EZ",0.8446,CITY:EZ000004
1775-01-01,2024-07-31,"Prague, EZ",1,CITY:EZ000006
1906-05-01,2024-07-31,"Usti Nad Labem, EZ",0.9997,CITY:EZ000007
1943-06-01,2024-07-31,"Cayenne, FG",1,CITY:FG000001
1951-01-01,2024-07-31,"Helsinki, FI",1,CITY:FI000001
1955-03-01,2024-07-31,"Joensuu, FI",1,CITY:FI000002
1951-01-01,2024-11-14,"Jyvaskyla, FI",1,CITY:FI000003
1959-01-01,2024-06-30,"Kuopio, FI",1,CITY:FI000004
1957-12-01,2024-07-31,"Oulu, FI",1,CITY:FI000005
1952-01-01,2024-07-31,"Turku, FI",1,CITY:FI000006
1973-01-01,2024-07-31,"Suva, FJ",1,CITY:FJ000001
1944-08-01,2024-07-31,"Ajaccio, FR",1,CITY:FR000001
1929-01-01,2005-01-01,"Amiens, FR",0.9846,CITY:FR000002
1890-01-01,2005-01-01,"Besancon, FR",1,CITY:FR000003
1945-01-01,2024-11-14,"Brest, FR",1,CITY:FR000005
1973-01-01,2024-11-14,"Caen, FR",1,CITY:FR000006
1923-01-01,2024-07-31,"Clermont-Ferrand, FR",1,CITY:FR000007
1921-05-29,2024-07-31,"Dijon, FR",1,CITY:FR000008
1949-01-01,2005-01-01,"Le Havre, FR",1,CITY:FR000009
1944-12-01,2024-07-31,"Lille, FR",1,CITY:FR000010
1973-01-01,2024-07-31,"Limoges, FR",1,CITY:FR000011
1920-09-01,2024-07-31,"Lyon, FR",1,CITY:FR000012
1881-01-01,2024-07-31,"Marseille, FR",1,CITY:FR000013
1946-01-01,2024-07-31,"Montpellier, FR",1,CITY:FR000014
1922-01-01,2024-08-01,"Nancy, FR",1,CITY:FR000015
1945-05-01,2024-07-31,"Nantes, FR",1,CITY:FR000016
1938-01-01,2005-01-01,"Orleans, FR",1,CITY:FR000017
1886-01-01,2024-07-31,"Paris, FR",1,CITY:FR000018
1921-05-01,2024-07-31,"Poitiers, FR",1,CITY:FR000019
1930-01-01,2024-07-31,"Reims, FR",1,CITY:FR000020
1925-01-01,2024-07-31,"Rennes, FR",1,CITY:FR000021
1968-03-01,2024-07-31,"Rouen, FR",1,CITY:FR000022
1923-05-01,2024-07-31,"Strasbourg, FR",1,CITY:FR000023
1878-01-01,2024-07-31,"Toulouse, FR",1,CITY:FR000024
1973-01-01,2024-07-31,"Brikama, GA",1,CITY:GA000001
1950-01-01,2024-07-31,"Libreville, GB",0.9731,CITY:GB000001
1950-01-01,2024-07-31,"Port Gentil, GB",0.9397,CITY:GB000002
1936-01-01,2024-07-31,"Bat'umi, GG",0.9907,CITY:GG000001
1977-04-01,1992-07-31,"Sokhumi, GG",0.989,CITY:GG000002
1881-01-01,2024-07-31,"T'Bilisi, GG",1,CITY:GG000003
1942-09-07,2024-07-31,"Accra, GH",0.998,CITY:GH000001
1973-01-01,2024-07-31,"Ho, GH",0.5627,CITY:GH000004
1973-03-20,2024-07-31,"Koforidua, GH",0.4612,CITY:GH000005
1973-01-01,2024-07-31,"Kumasi, GH",1,CITY:GH000006
1973-01-01,2024-07-31,"Sekondi, GH",1,CITY:GH000007
1977-11-01,2024-07-31,"Sunyani, GH",0.3905,CITY:GH000008
1973-01-01,2024-07-31,"Tamale, GH",0.4286,CITY:GH000009
1973-02-01,2024-07-31,"Wa, GH",0.9819,CITY:GH000010
1876-01-01,2024-07-31,"Berlin, GM",1,CITY:GM000001
1905-01-01,2024-07-31,"Bonn, GM",1,CITY:GM000002
1890-01-01,2024-07-31,"Bremen, GM",1,CITY:GM000003
1893-11-01,2024-06-29,"Bremerhaven, GM",1,CITY:GM000004
1905-01-01,2024-07-31,"Cologne, GM",1,CITY:GM000005
1880-01-01,2024-06-29,"Dortmund, GM",1,CITY:GM000006
1905-05-01,2024-07-31,"Dresden, GM",1,CITY:GM000007
1931-01-01,2024-07-31,"Duisburg, GM",1,CITY:GM000008
1931-01-01,2024-07-31,"Dusseldorf, GM",1,CITY:GM000009
1890-05-01,2024-07-31,"Erfurt, GM",1,CITY:GM000010
1931-01-01,2024-07-31,"Essen, GM",1,CITY:GM000011
1870-01-01,2024-07-31,"Frankfurt, GM",1,CITY:GM000012
1891-01-01,2024-07-31,"Hamburg, GM",1,CITY:GM000013
1931-01-01,2024-07-31,"Hannover, GM",1,CITY:GM000014
1935-01-01,2024-06-29,"Kiel, GM",1,CITY:GM000015
1863-12-01,2024-07-31,"Leipzig, GM",1,CITY:GM000016
1881-01-01,2024-06-29,"Magdeburg, GM",0.9867,CITY:GM000017
1884-07-01,2024-07-31,"Mainz, GM",1,CITY:GM000018
1879-01-01,2024-07-31,"Munich, GM",1,CITY:GM000019
1893-01-01,2024-06-29,"Potsdam, GM",1,CITY:GM000020
1948-01-01,2024-07-31,"Saarbrucken, GM",1,CITY:GM000021
1890-01-01,2024-06-29,"Schwerin, GM",0.9815,CITY:GM000022
1887-12-01,2024-07-31,"Stuttgart, GM",1,CITY:GM000023
1884-07-01,2024-07-31,"Wiesbaden, GM",1,CITY:GM000024
1955-01-01,2024-07-31,"Athens, GR",1,CITY:GR000001
1998-01-01,2004-12-31,"Ioannina, GR",1,CITY:GR000002
1955-01-01,2024-07-31,"Iraklion, GR",1,CITY:GR000003
1955-01-01,2024-07-31,"Larisa, GR",1,CITY:GR000004
1955-01-01,2024-07-31,"Piraeus, GR",0.9993,CITY:GR000006
1964-01-01,2024-07-31,"Thessaloniki, GR",1,CITY:GR000007
1979-01-01,1993-09-30,"Guatemala, GT",0.9888,CITY:GT000004
1940-01-01,2024-07-31,"Conakry, GV",0.9912,CITY:GV000001
1944-10-01,2024-07-31,"Kankan, GV",0.9703,CITY:GV000002
1945-01-01,2024-07-31,"Kindia, GV",0.9994,CITY:GV000003
1975-09-01,2024-07-31,"Nzerekore, GV",1,CITY:GV000004
1941-08-25,2024-07-29,"Georgetown, GY",0.9819,CITY:GY000001
1973-06-05,2024-07-31,"La Ceiba, HO",0.9434,CITY:HO000002
1957-07-01,2024-07-31,"San Pedro Sula, HO",1,CITY:HO000003
1957-07-01,2024-07-31,"Tegucigalpa, HO",1,CITY:HO000004
1947-12-01,2021-12-31,"Rijeka, HR",1,CITY:HR000001
1860-12-01,2024-07-31,"Zagreb, HR",1,CITY:HR000002
1901-01-01,2024-06-29,"Budapest, HU",1,CITY:HU000002
1901-01-01,2024-07-31,"Debrecen, HU",1,CITY:HU000003
1952-01-01,2024-05-02,"Miskolc, HU",0.7665,CITY:HU000008
1901-01-01,2024-07-31,"Pecs, HU",1,CITY:HU000010
1901-01-01,2024-05-02,"Szeged, HU",1,CITY:HU000011
1901-01-01,2024-06-29,"Szombathely, HU",1,CITY:HU000014
1941-09-01,2024-07-31,"Reykjavik, IC",1,CITY:IC000001
1956-01-01,2024-07-31,"Ambon, ID",0.6973,CITY:ID000001
1962-10-08,2024-07-31,"Balikpapan, ID",0.7601,CITY:ID000002
1973-01-12,2024-07-31,"Banda Aceh, ID",0.8904,CITY:ID000003
1962-10-01,2024-07-31,"Bandjermasin, ID",0.9819,CITY:ID000004
1973-01-12,2024-07-31,"Bengkulu, ID",0.9973,CITY:ID000006
1962-10-06,2024-07-31,"Denpasar, ID",0.9973,CITY:ID000007
1973-01-12,2024-07-31,"Jakarta, ID",1,CITY:ID000008
1973-01-11,2024-07-31,"Jambi, ID",0.9819,CITY:ID000009
1980-01-01,2024-07-31,"Jayapura, ID",0.9819,CITY:ID000010
1957-09-16,2024-07-31,"Kupang, ID",0.9819,CITY:ID000011
1958-04-01,2024-07-31,"Makassar, ID",1,CITY:ID000012
1961-11-01,2024-07-31,"Manado, ID",1,CITY:ID000013
1974-04-01,2024-07-31,"Mataram, ID",1,CITY:ID000014
1958-10-01,2024-07-31,"Medan, ID",0.9819,CITY:ID000015
1973-01-13,2021-06-09,"Padang, ID",0.8675,CITY:ID000016
1962-05-01,2024-07-31,"Palembang, ID",0.9307,CITY:ID000017
1959-12-01,2024-07-31,"Palu, ID",0.9973,CITY:ID000018
1973-01-13,2024-07-31,"Pontianak, ID",0.9285,CITY:ID000019
1979-08-01,2024-07-31,"Samarinda, ID",0.9973,CITY:ID000020
1957-08-01,2024-07-31,"Semarang, ID",0.9819,CITY:ID000021
1949-05-16,2024-07-31,"Surabaja, ID",0.9925,CITY:ID000022
1973-01-12,2024-07-31,"Tanjungkarang-Telukbetung, ID",0.9195,CITY:ID000023
1901-01-01,2024-07-31,"Agartala, IN",0.9422,CITY:IN000001
1901-01-01,2024-07-31,"Ahmadabad, IN",1,CITY:IN000002
1901-01-01,1959-12-31,"Aizawl, IN",0.984,CITY:IN000003
1901-01-01,2024-07-31,"Amritsar, IN",1,CITY:IN000004
1901-01-01,2024-07-31,"Bangalore, IN",1,CITY:IN000005
1906-08-01,2024-07-31,"Bhopal, IN",1,CITY:IN000006
1901-01-01,2024-07-31,"Bhubaneshwar, IN",1,CITY:IN000007
1901-01-01,2024-07-31,"Chandigarh, IN",1,CITY:IN000008
1901-01-01,2024-07-31,"Chennai, IN",1,CITY:IN000009
1901-01-01,1970-12-31,"Cochin, IN",1,CITY:IN000010
1901-01-01,2024-07-31,"Delhi, IN",1,CITY:IN000011
1901-01-01,2024-07-31,"Hyderabad, IN",1,CITY:IN000012
1901-01-01,2024-07-31,"Imphal, IN",1,CITY:IN000013
1901-01-01,2024-07-31,"Jaipur, IN",0.9991,CITY:IN000014
1901-01-01,1970-12-31,"Kanpur, IN",1,CITY:IN000015
1948-01-01,1970-12-31,"Kohima, IN",0.779,CITY:IN000016
1901-01-01,2024-11-14,"Kolkata, IN",1,CITY:IN000017
1901-01-01,2024-07-31,"Lucknow, IN",1,CITY:IN000018
1901-01-01,2024-07-31,"Madurai, IN",1,CITY:IN000019
1901-01-01,2024-07-31,"Mangalore, IN",1,CITY:IN000020
1901-01-01,2024-07-31,"Mumbai, IN",1,CITY:IN000021
1901-01-01,2024-07-31,"Nagpur, IN",1,CITY:IN000022
1901-01-01,2024-07-31,"New Delhi, IN",1,CITY:IN000023
1973-01-01,2024-07-31,"Panaji, IN",1,CITY:IN000024
1901-01-01,2024-07-31,"Patna, IN",1,CITY:IN000025
1901-01-01,2024-07-31,"Pondicherry, IN",0.9993,CITY:IN000026
1901-01-01,2024-07-31,"Port Blair, IN",0.9808,CITY:IN000027
1901-01-01,2024-07-31,"Pune, IN",1,CITY:IN000028
1901-01-01,2024-07-31,"Shillong, IN",0.998,CITY:IN000029
1901-01-01,2024-07-31,"Simla, IN",0.9993,CITY:IN000030
1901-01-01,2024-07-31,"Trivandrum, IN",1,CITY:IN000031
1901-01-01,2024-07-31,"Varanasi, IN",1,CITY:IN000032
1901-01-01,2024-07-31,"Vishakhapatnam, IN",0.9929,CITY:IN000033
1973-01-01,2024-07-31,"Ahvaz, IR",0.9599,CITY:IR000001
1943-10-18,2024-07-31,"Arak, IR",0.9753,CITY:IR000002
1948-09-01,2024-07-31,"Esfahan, IR",1,CITY:IR000003
1996-12-01,2014-04-01,"Hamadan, IR",0.9819,CITY:IR000004
1989-03-01,2014-03-01,"Ilam, IR",0.9898,CITY:IR000005
1951-01-01,2024-07-31,"Kerman, IR",0.9975,CITY:IR000006
1951-01-01,2024-07-31,"Kermanshah, IR",0.9936,CITY:IR000007
1973-01-01,2014-04-01,"Khorramabad, IR",0.9819,CITY:IR000008
1949-05-01,2024-07-31,"Mashhad, IR",1,CITY:IR000009
1950-01-01,2024-07-31,"Rasht, IR",1,CITY:IR000010
1973-01-01,2024-07-31,"Sanandaj, IR",0.9384,CITY:IR000011
1973-01-01,2024-07-31,"Semnan, IR",1,CITY:IR000013
1973-01-24,2024-07-31,"Shahr-E Kord, IR",1,CITY:IR000014
1951-01-01,2024-07-31,"Shiraz, IR",0.9987,CITY:IR000015
1951-01-01,2024-07-31,"Tabriz, IR",1,CITY:IR000016
1943-11-01,2024-07-31,"Tehran, IR",1,CITY:IR000017
1957-07-01,2024-07-31,"Yazd, IR",1,CITY:IR000018
1951-01-01,2024-07-31,"Zahedan, IR",0.9975,CITY:IR000019
1973-01-01,2024-07-31,"Zanjan, IR",0.9105,CITY:IR000020
1921-04-01,2024-07-31,"Beersheba, IS",1,CITY:IS000001
1908-11-01,2024-07-31,"Jerusalem, IS",1,CITY:IS000003
1939-10-01,2024-07-31,"Ramla, IS",1,CITY:IS000005
1939-10-01,2024-07-31,"Tel Aviv-Yafo, IS",1,CITY:IS000006
1813-01-01,2007-12-31,"Bologna, IT",1,CITY:IT000004
1943-11-01,2024-07-31,"Cagliari, IT",1,CITY:IT000005
1965-05-01,2024-07-31,"Campobasso, IT",0.9308,CITY:IT000006
1833-01-01,2008-12-31,"Genoa, IT",1,CITY:IT000009
1763-01-01,2024-07-31,"Milan, IT",1,CITY:IT000010
1944-04-01,2024-08-01,"Naples, IT",1,CITY:IT000011
1797-01-01,2009-01-11,"Palermo, IT",1,CITY:IT000012
1951-01-01,2024-07-31,"Rome, IT",1,CITY:IT000015
1893-01-01,2024-07-31,"Trento, IT",1,CITY:IT000016
1965-04-28,2024-07-31,"Trieste, IT",1,CITY:IT000017
1973-05-06,2024-07-31,"Turin, IT",0.9556,CITY:IT000018
1940-01-01,2024-07-31,"Abidjan, IV",1,CITY:IV000002
1973-01-01,2024-07-31,"Bondoukou, IV",0.9789,CITY:IV000005
1945-01-01,2024-07-31,"Bouake, IV",0.9699,CITY:IV000007
1978-07-01,2024-07-31,"Daloa, IV",0.9646,CITY:IV000008
1945-01-01,2024-07-31,"Dimbokro, IV",0.9802,CITY:IV000010
1945-01-01,1971-06-30,"Ferkessedougou, IV",0.9625,CITY:IV000012
1945-01-01,2024-07-31,"Gagnoa, IV",0.9837,CITY:IV000013
1973-01-01,2024-07-31,"Korhogo, IV",0.9819,CITY:IV000015
1945-01-01,2024-07-31,"Man, IV",0.9398,CITY:IV000016
1978-07-01,2024-07-31,"Yamoussoukro, IV",0.9986,CITY:IV000021
1943-12-01,2024-07-31,"Al Basrah, IZ",1,CITY:IZ000003
1956-01-01,2024-07-31,"Aomori, JA",1,CITY:JA000001
1949-01-01,2024-07-31,"Fukuoka, JA",1,CITY:JA000002
1949-01-01,2024-07-31,"Gifu, JA",1,CITY:JA000003
1951-01-01,2024-07-31,"Hiroshima, JA",1,CITY:JA000004
1949-01-01,2024-08-01,"Kawasaki, JA",1,CITY:JA000005
1949-01-01,2024-07-31,"Kita Kyushu, JA",1,CITY:JA000006
1949-01-01,2024-07-31,"Kobe, JA",1,CITY:JA000007
1945-10-31,2024-07-31,"Kyoto, JA",1,CITY:JA000008
1951-01-01,2024-07-31,"Nagasaki, JA",1,CITY:JA000009
1949-01-01,2024-07-31,"Nagoya, JA",1,CITY:JA000010
1945-09-01,2024-08-01,"Naha, JA",1,CITY:JA000011
1945-10-31,2024-07-31,"Osaka, JA",1,CITY:JA000012
1951-01-01,2024-11-14,"Sapporo, JA",1,CITY:JA000013
1951-01-01,2024-07-31,"Sendai, JA",1,CITY:JA000014
1951-01-01,2024-07-31,"Shimonoseki, JA",0.9987,CITY:JA000015
1949-01-01,2024-08-01,"Tokyo, JA",1,CITY:JA000016
1949-01-01,2024-08-01,"Yokohama, JA",1,CITY:JA000017
1941-12-22,2024-07-31,"Kingston, JM",0.9941,CITY:JM000001
1973-01-01,2024-07-31,"Montego Bay, JM",0.9981,CITY:JM000002
1941-12-22,2024-07-31,"Spanish Town, JM",0.9941,CITY:JM000003
1953-12-01,2024-07-31,"Al Mafraq, JO",1,CITY:JO000001
1953-12-01,2024-07-31,"Az Zarqa', JO",1,CITY:JO000004
1928-09-01,1933-11-30,"Irbid, JO",0.8587,CITY:JO000005
1957-01-01,2024-07-31,"Mombasa, KE",1,CITY:KE000003
1957-01-01,2024-07-31,"Nairobi, KE",1,CITY:KE000004
1936-01-01,2024-07-31,"Bishkek, KG",0.9998,CITY:KG000001
1881-09-01,1991-06-30,"Karakol, KG",0.9992,CITY:KG000002
1936-01-01,2024-07-31,"Osh, KG",1,CITY:KG000003
1957-02-01,2024-08-02,"Haeju, KN",1,CITY:KN000002
1957-02-01,2024-07-31,"Hyesan, KN",1,CITY:KN000004
1953-10-01,2024-08-02,"Kaesong, KN",1,CITY:KN000005
1950-10-24,2024-08-02,"P'yongyang, KN",1,CITY:KN000007
1996-03-11,2024-08-02,"Sariwon, KN",0.95,CITY:KN000008
1951-01-01,2024-07-31,"Sinuiju, KN",1,CITY:KN000009
1952-12-01,2024-08-02,"Wonsan, KN",1,CITY:KN000010
1951-04-01,2024-08-02,"Ch'unch'on, KS",1,CITY:KS000001
1951-02-01,2024-08-02,"Ch'ungju, KS",1,CITY:KS000002
1951-01-31,2024-07-31,"Cheju, KS",1,CITY:KS000003
1951-04-01,2024-08-02,"Chonju, KS",1,CITY:KS000004
1949-01-01,2024-08-02,"Inch`on, KS",1,CITY:KS000005
1953-11-01,2024-08-02,"Kwangju, KS",1,CITY:KS000006
1950-08-01,2024-08-02,"Pusan, KS",1,CITY:KS000007
1949-01-01,2024-08-02,"Seoul, KS",1,CITY:KS000008
1950-11-01,2024-08-02,"Taegu, KS",1,CITY:KS000009
1951-02-01,2024-08-02,"Taejon, KS",1,CITY:KS000010
1958-01-01,2024-07-31,"Kuwait, KU",0.9973,CITY:KU000001
1904-11-01,2024-07-31,"Aktyubinsk, KZ",0.9452,CITY:KZ000001
1915-05-01,2024-07-31,"Almaty, KZ",1,CITY:KZ000002
1881-01-01,2024-07-31,"Astana, KZ",0.9429,CITY:KZ000003
1881-01-01,2024-07-31,"Atyrau, KZ",0.9535,CITY:KZ000004
1936-01-01,2017-12-31,"Dzhambul, KZ",0.9231,CITY:KZ000005
1932-10-01,2024-07-31,"Karaganda, KZ",1,CITY:KZ000006
1895-02-01,2024-07-31,"Kokshetau, KZ",1,CITY:KZ000007
1902-08-01,2024-07-31,"Kostanay, KZ",0.9675,CITY:KZ000008
1933-01-01,2024-07-31,"Kyzylorda, KZ",0.8579,CITY:KZ000009
1933-01-01,2024-11-14,"Pavlodar, KZ",0.9649,CITY:KZ000010
1890-11-01,2024-07-31,"Petropavlovsk, KZ",0.9109,CITY:KZ000011
1901-11-01,2024-07-31,"Semipalatinsk, KZ",0.974,CITY:KZ000012
1948-01-01,2024-07-31,"Shymkent, KZ",0.9991,CITY:KZ000013
1959-01-01,1998-03-31,"Taldykorgan, KZ",0.9819,CITY:KZ000014
1900-01-01,2024-07-31,"Ural'sk, KZ",0.9473,CITY:KZ000015
1977-06-01,1991-12-31,"Ust'-Kamenogorsk, KZ",0.9371,CITY:KZ000016
1948-03-01,2024-07-31,"Zhezkazgan, KZ",0.9302,CITY:KZ000017
1951-01-01,2024-07-31,"Savannakhet, LA",1,CITY:LA000001
1950-06-01,2024-07-31,"Vientiane, LA",1,CITY:LA000002
1912-01-01,2024-07-31,"Beirut, LE",1,CITY:LE000001
1931-09-01,2024-07-19,"Tripoli, LE",1,CITY:LE000003
1912-01-01,2023-08-07,"Zahle, LE",0.9819,CITY:LE000004
1943-01-01,2024-07-31,"Riga, LG",1,CITY:LG000001
1881-01-01,2024-07-31,"Vilnius, LH",0.9663,CITY:LH000001
1942-07-06,2024-07-31,"Monrovia, LI",1,CITY:LI000001
1952-01-01,2024-07-31,"Banska Bystrica, LO",1,CITY:LO000001
1951-01-01,2024-07-31,"Kosice, LO",1,CITY:LO000003
1906-10-01,1997-10-31,"Mafeteng, LT",0.9875,CITY:LT000001
1879-05-01,1997-11-30,"Maseru, LT",1,CITY:LT000002
1947-01-01,2024-07-31,"Luxembourg, LU",1,CITY:LU000001
1924-01-01,2011-03-14,"Ajdabiya, LY",0.7394,CITY:LY000001
1990-06-01,2024-07-31,"Al Khums, LY",1,CITY:LY000002
1922-10-01,2024-07-31,"Benghazi, LY",0.9996,CITY:LY000003
1928-01-01,2024-01-15,"Darnah, LY",1,CITY:LY000004
1925-05-01,2024-07-31,"Misratah, LY",0.7727,CITY:LY000005
1916-01-01,2014-07-13,"Tripoli, LY",1,CITY:LY000006
1973-01-01,2024-07-31,"Antananarivo, MA",1,CITY:MA000001
1973-01-01,2024-07-31,"Antsiranana, MA",1,CITY:MA000002
1973-02-01,2023-12-22,"Fianarantsoa, MA",0.9461,CITY:MA000003
1973-01-01,2024-07-31,"Mahajanga, MA",0.9973,CITY:MA000004
1973-01-01,2024-07-31,"Toamasina, MA",0.9924,CITY:MA000005
1973-01-01,2024-02-09,"Toliara, MA",0.8499,CITY:MA000006
1958-12-01,2024-08-01,"Fort-De-France, MB",1,CITY:MB000001
1886-11-01,2024-07-31,"Chisinau, MD",0.9968,CITY:MD000001
1973-01-01,2024-07-31,"Mamoutzou, MF",1,CITY:MF000001
1956-08-01,2024-07-31,"Ulaanbaatar, MG",1,CITY:MG000002
1939-01-01,2024-07-31,"Blantyre, MI",0.9937,CITY:MI000001
1940-01-01,2015-06-14,"Lilongwe, MI",0.998,CITY:MI000002
2001-09-01,2024-07-31,"Podgorica, MJ",1,CITY:MJ000001
2001-11-14,2024-07-31,"Skopje, MK",1,CITY:MK000001
1975-01-01,2024-07-31,"Bamako, ML",0.9899,CITY:ML000001
1957-07-01,2024-07-31,"Gao, ML",0.9992,CITY:ML000002
1957-07-01,2024-07-31,"Kayes, ML",0.9986,CITY:ML000003
1957-07-01,2024-07-31,"Mopti, ML",1,CITY:ML000004
1957-07-01,2024-07-31,"Segou, ML",1,CITY:ML000005
1957-07-01,2024-07-31,"Sikasso, ML",1,CITY:ML000006
1942-11-21,2024-07-31,"Casablanca, MO",1,CITY:MO000002
1943-01-19,2024-07-31,"Marrakech, MO",1,CITY:MO000004
1957-01-01,2024-07-31,"Meknes, MO",1,CITY:MO000005
1910-01-01,2024-07-31,"Oujda, MO",0.9973,CITY:MO000006
1943-01-01,2024-07-31,"Rabat, MO",1,CITY:MO000007
1961-01-01,2024-07-31,"Port Louis, MP",0.9985,CITY:MP000001
1940-01-01,2024-07-31,"Nouadhibou, MR",0.9819,CITY:MR000001
1945-01-01,2023-07-25,"Nouakchott, MR",0.9989,CITY:MR000002
1983-01-01,2024-07-31,"Muscat, MU",1,CITY:MU000001
1945-06-01,2024-07-31,"Acapulco, MX",1,CITY:MX000001
1926-06-26,2024-07-31,"Aguascalientes, MX",1,CITY:MX000002
1952-01-01,2024-07-31,"Campeche, MX",0.9853,CITY:MX000003
1952-08-01,2024-07-31,"Chetumal, MX",1,CITY:MX000004
1952-03-01,2024-11-14,"Chihuahua, MX",1,CITY:MX000005
1953-05-12,2024-07-30,"Chilpancingo De Los Bravo, MX",1,CITY:MX000006
1942-01-01,2024-07-31,"Ciudad Victoria, MX",1,CITY:MX000007
1921-01-01,2024-07-31,"Colima, MX",1,CITY:MX000008
1923-05-01,2024-07-31,"Cuernavaca, MX",1,CITY:MX000009
1944-08-01,2024-07-31,"Culiacan, MX",1,CITY:MX000010
1941-01-01,2024-07-31,"Durango, MX",1,CITY:MX000011
1930-09-01,2024-07-31,"Guadalajara, MX",1,CITY:MX000012
1939-11-01,2024-07-31,"Guanajuato, MX",1,CITY:MX000013
1941-06-01,2024-07-31,"Hermosillo, MX",1,CITY:MX000014
1922-06-01,2024-07-31,"Jalapa, MX",1,CITY:MX000015
1940-01-01,2024-07-31,"La Paz, MX",1,CITY:MX000016
1959-03-16,2024-07-31,"Mazatlan, MX",1,CITY:MX000017
1952-08-01,2024-07-31,"Merida, MX",1,CITY:MX000018
1901-11-01,2024-08-02,"Mexicali, MX",1,CITY:MX000019
1921-01-01,2024-07-31,"Mexico City, MX",1,CITY:MX000020
1909-05-01,2024-07-31,"Monterrey, MX",1,CITY:MX000021
1922-01-01,2024-07-31,"Morelia, MX",1,CITY:MX000022
1923-08-09,2024-07-30,"Oaxaca, MX",1,CITY:MX000023
1922-11-01,2024-07-31,"Pachuca, MX",1,CITY:MX000024
1925-12-01,2024-07-31,"Puebla, MX",1,CITY:MX000025
1922-01-01,2024-07-31,"Queretaro, MX",1,CITY:MX000026
1907-07-01,2024-07-31,"Saltillo, MX",1,CITY:MX000027
1942-05-01,2024-07-31,"San Luis Potosi, MX",1,CITY:MX000028
1947-12-01,2024-07-31,"Tampico, MX",1,CITY:MX000029
1942-10-01,2024-07-31,"Tepic, MX",1,CITY:MX000030
1925-12-01,2024-07-31,"Tlaxcala, MX",1,CITY:MX000031
1923-08-01,2024-07-31,"Toluca, MX",1,CITY:MX000032
1942-10-01,2024-07-31,"Tuxtla Gutierrez, MX",1,CITY:MX000033
1921-01-01,2024-07-31,"Veracruz, MX",1,CITY:MX000034
1926-10-01,2024-07-31,"Villahermosa, MX",1,CITY:MX000035
1929-07-01,2024-07-31,"Zacatecas, MX",1,CITY:MX000036
1962-05-01,2024-07-31,"Johor Baharu, MY",0.9973,CITY:MY000003
1954-10-01,2024-07-31,"Kota Baharu, MY",0.8416,CITY:MY000005
1955-01-01,2024-07-31,"Kota Kinabalu, MY",0.8867,CITY:MY000006
1949-04-01,2024-07-31,"Kuala Lumpur, MY",1,CITY:MY000007
1954-10-01,2024-07-31,"Kuantan New Port, MY",0.9994,CITY:MY000009
1955-02-01,2024-07-31,"Kuching, MY",0.9994,CITY:MY000010
1949-02-01,2024-07-31,"Melaka, MY",1,CITY:MY000011
1949-01-01,2024-07-31,"Pinang, MY",0.9986,CITY:MY000012
1949-04-01,2024-07-31,"Shah Alam, MY",0.8084,CITY:MY000014
1951-01-01,2024-07-31,"Beira, MZ",0.8966,CITY:MZ000001
1951-01-01,2024-07-31,"Chimoio, MZ",0.9366,CITY:MZ000002
1951-01-01,2024-07-31,"Inhambane, MZ",1,CITY:MZ000003
1951-04-01,2024-07-31,"Lichinga, MZ",1,CITY:MZ000004
1973-01-01,2024-07-31,"Maputo, MZ",0.9673,CITY:MZ000005
1956-12-01,2024-07-31,"Nampula, MZ",0.9976,CITY:MZ000006
1973-01-01,2024-07-31,"Pemba, MZ",0.8671,CITY:MZ000007
1951-01-01,2024-07-31,"Quelimane, MZ",0.9993,CITY:MZ000008
1952-09-01,2024-07-31,"Tete, MZ",0.9206,CITY:MZ000009
1951-01-01,2024-07-31,"Xai-Xai, MZ",1,CITY:MZ000010
1945-01-01,2024-07-31,"Maradi, NG",0.9965,CITY:NG000001
1940-01-01,2024-07-31,"Niamey, NG",0.9967,CITY:NG000002
1939-02-01,2024-07-31,"Tahoua, NG",1,CITY:NG000003
1906-01-01,2024-07-31,"Zinder, NG",0.9025,CITY:NG000004
1973-06-08,2014-05-01,"Enugu, NI",1,CITY:NI000011
1973-03-26,2024-07-31,"Ilorin, NI",0.243,CITY:NI000013
1973-01-05,2024-07-29,"Jos, NI",0.2016,CITY:NI000015
1943-05-01,2024-07-27,"Kano, NI",0.3984,CITY:NI000017
1973-02-06,2024-07-31,"Lagos, NI",0.4079,CITY:NI000019
1943-05-01,2024-07-25,"Maiduguri, NI",0.1352,CITY:NI000021
1973-04-06,2024-06-09,"Makurdi, NI",0.1758,CITY:NI000022
1973-03-02,2024-07-31,"Minna, NI",1,CITY:NI000023
1973-01-14,2024-07-31,"Port Harcourt, NI",0.2596,CITY:NI000025
1973-03-01,2024-07-28,"Yola, NI",0.1366,CITY:NI000028
1950-12-01,2024-06-30,"'s-Hertogenbosch, NL",1,CITY:NL000001
1866-12-01,2024-07-31,"Amsterdam, NL",1,CITY:NL000002
1906-05-01,2024-06-30,"Arnhem, NL",1,CITY:NL000003
1846-12-01,2024-07-31,"Assen, NL",1,CITY:NL000004
1846-12-01,2024-07-31,"Groningen, NL",1,CITY:NL000005
1866-12-01,2024-06-30,"Haarlem, NL",1,CITY:NL000006
1900-12-31,2024-06-30,"Leeuwarden, NL",1,CITY:NL000007
1906-01-01,2024-07-31,"Maastricht, NL",1,CITY:NL000008
1866-12-01,2024-06-30,"Rotterdam, NL",1,CITY:NL000009
1876-12-01,2024-06-30,"The Hague, NL",1,CITY:NL000010
1901-01-01,2024-07-31,"Utrecht, NL",1,CITY:NL000011
1892-08-01,2024-06-30,"Zwolle, NL",1,CITY:NL000012
1938-01-01,2024-07-31,"Bergen, NO",1,CITY:NO000001
1956-12-01,2024-06-30,"Drammen, NO",0.9816,CITY:NO000002
1874-12-31,2024-06-30,"Kristiansand, NO",1,CITY:NO000003
1882-12-01,2024-07-31,"Oslo, NO",1,CITY:NO000004
1895-06-01,2024-07-31,"Stavanger, NO",1,CITY:NO000005
1920-07-01,2024-07-31,"Tromso, NO",1,CITY:NO000006
1923-01-01,2024-06-30,"Trondheim, NO",1,CITY:NO000007
1954-08-01,1970-12-31,"Bhairawa, NP",1,CITY:NP000001
1901-01-01,1970-12-31,"Biratnagar, NP",0.9908,CITY:NP000002
1971-01-01,2024-07-31,"Kathmandu, NP",1,CITY:NP000004
1942-09-01,2024-08-02,"Willemstad, NT",1,CITY:NT000001
1945-04-01,1945-11-30,"Chinandega, NU",1,CITY:NU000001
1979-01-01,1991-12-31,"Esteli, NU",0.9744,CITY:NU000002
1979-01-01,1991-04-30,"Jinotega, NU",1,CITY:NU000004
1973-07-04,2024-07-31,"Juigalpa, NU",0.9992,CITY:NU000005
1942-10-01,2024-07-31,"Managua, NU",0.6315,CITY:NU000007
1942-10-01,2024-07-31,"Masaya, NU",0.6315,CITY:NU000008
1979-01-01,1991-04-30,"Matagalpa, NU",1,CITY:NU000009
1994-08-01,2024-07-31,"Auckland, NZ",1,CITY:NZ000001
1954-03-02,2024-07-31,"Christchurch, NZ",1,CITY:NZ000002
1995-07-01,2024-08-01,"Wellington, NZ",1,CITY:NZ000007
1949-01-02,2024-07-31,"Asuncion, PA",1,CITY:PA000001
2002-04-01,2024-07-31,"Coronel Oviedo, PA",1,CITY:PA000002
1951-01-01,2024-07-31,"Encarnacion, PA",1,CITY:PA000003
1946-08-01,2024-07-31,"Arequipa, PE",0.7862,CITY:PE000002
1967-03-01,2024-07-31,"Ayacucho, PE",1,CITY:PE000003
1963-01-01,2024-07-31,"Cajamarca, PE",1,CITY:PE000004
1963-01-01,2024-07-31,"Callao, PE",0.9991,CITY:PE000005
1963-01-01,2024-07-31,"Chiclayo, PE",0.9819,CITY:PE000007
1963-01-01,2024-07-31,"Cuzco, PE",1,CITY:PE000009
1963-01-01,2024-07-31,"Huanuco, PE",0.9819,CITY:PE000011
1973-01-01,2024-07-31,"Huaraz, PE",1,CITY:PE000012
1973-01-01,2024-07-31,"Iquitos, PE",0.9892,CITY:PE000014
1963-01-01,2024-07-31,"Lima, PE",0.9991,CITY:PE000015
1963-01-01,2024-07-31,"Piura, PE",0.9819,CITY:PE000017
1963-01-01,2024-07-31,"Pucallpa, PE",0.9819,CITY:PE000018
1963-01-01,2024-07-31,"Tacna, PE",0.9359,CITY:PE000020
1963-01-01,2024-07-31,"Trujillo, PE",1,CITY:PE000021
1974-03-01,2024-07-31,"Tumbes, PE",0.9819,CITY:PE000022
1945-02-28,2024-07-31,"Hyderabad, PK",0.9973,CITY:PK000002
1973-01-01,2024-07-31,"Islamabad, PK",1,CITY:PK000003
1942-05-01,2024-07-31,"Karachi, PK",0.6685,CITY:PK000004
1957-07-01,2024-07-31,"Lahore, PK",1,CITY:PK000005
1957-07-01,2024-07-31,"Peshawar, PK",1,CITY:PK000006
1973-01-01,2024-07-31,"Quetta, PK",0.9993,CITY:PK000007
1973-01-01,2024-07-31,"Rawalpindi, PK",1,CITY:PK000008
1952-01-01,2024-11-14,"Bialystok, PL",0.8599,CITY:PL000002
1936-01-03,2024-07-31,"Elblag, PL",0.7814,CITY:PL000007
1973-01-01,2024-07-31,"Krakow, PL",0.9751,CITY:PL000017
1940-01-01,2024-07-31,"Poznan, PL",1,CITY:PL000030
1966-01-01,2024-11-14,"Siedlce, PL",1,CITY:PL000034
1931-01-01,2024-11-14,"Szczecin, PL",1,CITY:PL000037
1952-01-01,2024-11-14,"Warsaw, PL",0.8616,CITY:PL000042
1939-05-01,2024-11-14,"Wroclaw, PL",0.6346,CITY:PL000044
1945-01-01,1971-06-30,"Colon, PM",1,CITY:PM000001
1949-01-01,1967-12-31,"Panama, PM",1,CITY:PM000003
1959-04-01,1996-12-31,"Aveiro, PO",1,CITY:PO000001
1949-10-01,2002-07-31,"Braga, PO",1,CITY:PO000002
1900-12-01,2022-05-11,"Coimbra, PO",1,CITY:PO000003
1996-08-01,2022-09-29,"Evora, PO",1,CITY:PO000004
1973-01-01,2024-07-31,"Funchal, PO",1,CITY:PO000005
1900-12-01,2022-11-14,"Lisbon, PO",1,CITY:PO000006
1940-12-01,2022-04-06,"Porto, PO",1,CITY:PO000007
1970-01-01,2024-07-31,"Port Moresby, PP",0.9976,CITY:PP000002
1973-01-01,2024-07-31,"Bissau, PU",0.6474,CITY:PU000001
1983-01-01,2024-07-31,"Doha, QA",0.9949,CITY:QA000001
1935-12-01,2024-07-31,"Belgrade, RB",1,CITY:RB000001
1973-01-01,2024-07-31,"Saint-Denis, RE",1,CITY:RE000001
1880-01-01,2024-05-31,"Arad, RO",0.9031,CITY:RO000002
1961-01-01,2024-05-31,"Bacau, RO",1,CITY:RO000003
1896-03-01,2024-05-31,"Baia Mare, RO",1,CITY:RO000004
1961-01-01,2024-07-31,"Bistrita, RO",1,CITY:RO000005
1961-01-01,2024-07-31,"Botosani, RO",1,CITY:RO000006
1953-01-01,2024-07-31,"Braila, RO",1,CITY:RO000007
1895-01-01,2024-07-31,"Bucharest, RO",1,CITY:RO000009
1896-01-01,2024-07-31,"Buzau, RO",1,CITY:RO000010
1898-01-01,2024-05-31,"Calarasi, RO",1,CITY:RO000011
1921-03-01,2024-07-31,"Cluj-Napoca, RO",1,CITY:RO000012
1952-01-01,2024-07-31,"Constanta, RO",1,CITY:RO000013
1961-01-01,2024-07-31,"Craiova, RO",1,CITY:RO000014
1961-01-01,2024-05-31,"Deva, RO",1,CITY:RO000015
1896-01-01,2024-05-31,"Drobeta- Turmu Sererin, RO",1,CITY:RO000016
1953-01-01,2024-07-31,"Galati, RO",1,CITY:RO000018
1952-01-01,2024-07-31,"Iasi, RO",1,CITY:RO000020
1961-01-01,2024-05-31,"Rimnicu Vilcea, RO",1,CITY:RO000026
1952-01-01,2024-07-31,"Sibiu, RO",1,CITY:RO000029
1973-01-25,2024-07-31,"Suceava, RO",0.9665,CITY:RO000032
1899-01-01,2024-05-31,"Targu Jiu, RO",1,CITY:RO000034
1952-01-01,2024-07-31,"Timisoara, RO",1,CITY:RO000036
1886-10-01,2024-05-31,"Tulcea, RO",1,CITY:RO000037
1945-03-01,2024-07-31,"Manila, RP",1,CITY:RP000002
1955-01-01,2024-08-02,"Mayaguez, RQ",1,CITY:RQ000001
1909-05-01,2024-08-02,"Ponce, RQ",1,CITY:RQ000002
1916-05-01,2024-08-02,"San Juan, RQ",1,CITY:RQ000003
1910-12-01,2024-07-31,"Abakan, RS",0.9987,CITY:RS000001
1881-01-01,2024-07-31,"Arkangel'sk, RS",0.9939,CITY:RS000002
1881-01-01,2024-06-12,"Astrakhan, RS",1,CITY:RS000003
1933-02-01,2024-11-14,"Barnaul, RS",0.9987,CITY:RS000004
1936-01-01,2013-04-30,"Belgorod, RS",0.9819,CITY:RS000005
1936-01-01,2024-07-31,"Birobidzhan, RS",1,CITY:RS000006
1881-01-01,2024-07-31,"Blagoveshchensk, RS",0.9965,CITY:RS000007
1958-01-01,1996-12-31,"Ceboksary, RS",0.8889,CITY:RS000008
1896-07-01,2024-07-31,"Chelyabinsk, RS",0.9819,CITY:RS000009
1890-05-01,2024-11-14,"Chita, RS",1,CITY:RS000011
1927-10-01,2024-07-31,"Elista, RS",0.9774,CITY:RS000012
1881-01-01,2024-07-31,"Gor'kiy, RS",0.9808,CITY:RS000013
1929-09-01,2019-06-30,"Gorno-Altaysk, RS",0.9546,CITY:RS000014
1938-08-01,2019-06-30,"Groznyy, RS",0.9052,CITY:RS000015
1882-01-01,2024-07-31,"Irkutsk, RS",1,CITY:RS000016
1958-01-01,2024-04-08,"Ivanovo, RS",0.9819,CITY:RS000017
1958-01-01,2019-06-30,"Izevsk, RS",1,CITY:RS000018
1931-01-01,2024-07-31,"Kaliningrad, RS",0.9993,CITY:RS000019
1942-02-01,1996-06-30,"Kaluga, RS",0.922,CITY:RS000020
1881-01-01,2024-07-31,"Kazan', RS",0.9923,CITY:RS000021
1947-10-21,2024-07-31,"Kemerovo, RS",0.9993,CITY:RS000022
1932-12-01,2024-07-31,"Khabarovsk, RS",1,CITY:RS000023
1892-10-01,2024-11-14,"Khanty-Mansiysk, RS",0.984,CITY:RS000024
1936-01-01,2019-06-30,"Klintsy, RS",0.9507,CITY:RS000025
1925-01-01,2024-02-19,"Kostroma, RS",1,CITY:RS000026
1936-01-01,2024-07-31,"Kotlas, RS",1,CITY:RS000027
1936-01-01,2019-06-30,"Krasnodar, RS",1,CITY:RS000028
1914-05-01,2024-07-31,"Krasnoyarsk, RS",1,CITY:RS000029
1893-11-01,2024-07-31,"Kurgan, RS",0.9962,CITY:RS000030
1891-01-01,2019-06-30,"Kursk, RS",0.9523,CITY:RS000031
1936-01-01,2019-06-30,"Kuybyskev, RS",1,CITY:RS000032
1943-10-01,2024-07-31,"Kyzyl, RS",1,CITY:RS000033
1939-01-01,2024-07-31,"Lipetsk, RS",0.9819,CITY:RS000034
1882-01-01,2024-07-27,"Machackala, RS",0.9831,CITY:RS000035
1936-01-01,2024-07-31,"Magadan, RS",1,CITY:RS000036
1936-01-01,2024-07-11,"Majkop, RS",0.9887,CITY:RS000037
1936-12-01,2022-01-15,"Moscow, RS",1,CITY:RS000038
1881-01-01,2024-07-31,"Murmansk, RS",1,CITY:RS000039
1881-01-01,2020-03-21,"Nazran, RS",0.7459,CITY:RS000041
1945-01-01,2024-07-31,"Novgorod, RS",0.6946,CITY:RS000043
1955-01-01,2019-06-30,"Novokuznetsk, RS",1,CITY:RS000044
1900-01-01,2024-11-14,"Novosibirsk, RS",1,CITY:RS000045
1916-01-01,2024-07-31,"Omsk, RS",1,CITY:RS000046
1936-01-01,2024-07-31,"Orel, RS",0.945,CITY:RS000047
1886-02-01,2024-07-31,"Orenburg, RS",0.9998,CITY:RS000048
1936-01-01,2024-07-31,"Penza, RS",0.9862,CITY:RS000049
1882-09-01,2024-07-31,"Perm', RS",0.9993,CITY:RS000050
1894-01-01,2024-07-25,"Petropavloski-Kamchatskiy, RS",0.9694,CITY:RS000051
1936-01-01,2024-07-31,"Petrozavodsk, RS",0.9667,CITY:RS000052
1936-01-01,2024-07-31,"Pskov, RS",1,CITY:RS000053
1919-12-01,2019-06-30,"Rostov-on-Don, RS",0.9954,CITY:RS000054
1925-01-01,2019-06-30,"Ryazan, RS",0.9948,CITY:RS000055
1881-01-01,2024-07-31,"Saint Petersburg, RS",1,CITY:RS000056
1936-01-01,2024-07-31,"Saransk, RS",0.9819,CITY:RS000057
1881-01-01,2023-06-15,"Saratov, RS",0.9989,CITY:RS000058
1944-01-01,2024-02-14,"Smolensk, RS",0.9993,CITY:RS000059
1959-01-01,2024-07-31,"Stavropol, RS",0.9797,CITY:RS000060
1881-01-01,2024-07-31,"Sverdlovsk, RS",1,CITY:RS000061
1888-04-01,2024-07-31,"Syktyvkar, RS",0.9799,CITY:RS000062
1936-01-01,2019-06-30,"Tambov, RS",1,CITY:RS000063
1881-01-01,2019-06-30,"Tomsk, RS",0.9988,CITY:RS000064
1936-01-01,2024-07-31,"Tula, RS",0.9907,CITY:RS000065
1936-01-01,2024-07-30,"Tver, RS",0.9834,CITY:RS000066
1933-01-01,2021-11-30,"Tyumen, RS",0.997,CITY:RS000067
1900-01-01,2024-07-31,"Ufa, RS",0.9668,CITY:RS000068
1936-01-01,2013-04-30,"Ul'yanovsk, RS",0.788,CITY:RS000069
1886-04-01,2024-07-31,"Ulan Ude, RS",0.9846,CITY:RS000070
1881-01-01,2020-03-21,"Vladikavkaz, RS",0.7459,CITY:RS000071
1949-09-01,2024-04-09,"Vladimir, RS",0.9437,CITY:RS000072
1911-01-01,2024-07-31,"Vladivostok, RS",0.9709,CITY:RS000073
1937-01-01,2024-07-31,"Volgograd, RS",0.9772,CITY:RS000074
1936-12-01,2024-07-31,"Vologda, RS",0.9993,CITY:RS000075
1946-07-01,2024-07-31,"Vorkuta, RS",1,CITY:RS000076
1893-02-01,2024-07-31,"Voronezh, RS",1,CITY:RS000077
1881-01-01,2024-07-31,"Vyatka, RS",0.9717,CITY:RS000078
1888-03-01,2024-07-31,"Yakutsk, RS",0.9831,CITY:RS000079
1959-07-01,1987-05-20,"Yaroslavl, RS",0.985,CITY:RS000080
1947-01-01,2024-07-31,"Yuzhno-Sakhalinsk, RS",1,CITY:RS000081
1973-06-01,2024-07-31,"Kigali, RW",0.6945,CITY:RW000006
1983-01-01,2024-07-31,"Abha, SA",1,CITY:SA000001
1978-01-01,2024-07-31,"Jeddah, SA",0.9988,CITY:SA000003
1983-08-01,2019-07-18,"Mecca, SA",1,CITY:SA000004
1958-03-01,2024-07-31,"Medina, SA",0.8579,CITY:SA000005
1958-03-05,2024-07-31,"Riyadh, SA",1,CITY:SA000007
1974-05-01,2024-07-31,"Sakakah, SA",1,CITY:SA000008
1973-01-01,2024-07-31,"Tabuk, SA",1,CITY:SA000009
1877-11-01,1997-11-30,"Bisho, SF",0.9777,CITY:SF000001
1905-02-01,2024-07-31,"Bloemfontein, SF",1,CITY:SF000002
1850-01-01,2024-07-31,"Cape Town, SF",1,CITY:SF000003
1871-01-01,2024-07-31,"Durban, SF",1,CITY:SF000004
1893-09-01,2024-07-31,"Johannesburg, SF",1,CITY:SF000005
1897-01-01,2024-07-31,"Kimberley, SF",1,CITY:SF000006
1898-01-01,2024-07-31,"MMabatho (Mafikeng), SF",1,CITY:SF000007
1905-09-01,1997-10-31,"Nelspruit, SF",0.9756,CITY:SF000008
1901-01-01,2024-07-31,"Pietermaritzburg (Ulundi), SF",1,CITY:SF000009
1906-02-01,2014-01-01,"Pietersburg (Polokwane), SF",1,CITY:SF000010
1881-10-01,2024-07-31,"Port Elizabeth, SF",1,CITY:SF000011
1903-10-01,2024-07-31,"Pretoria, SF",1,CITY:SF000012
1916-02-01,1997-11-30,"Richards Bay, SF",0.9814,CITY:SF000013
1940-06-01,2024-07-31,"Dakar, SG",1,CITY:SG000001
1973-01-01,2024-11-14,"Kolda, SG",0.9819,CITY:SG000002
1940-06-01,1983-12-31,"Thies, SG",0.9538,CITY:SG000003
1973-01-01,2024-07-31,"Ziguinchor, SG",1,CITY:SG000004
1899-12-01,2024-07-31,"Ljubljana, SI",1,CITY:SI000001
1973-01-01,2024-07-31,"Freetown, SL",0.5102,CITY:SL000002
1962-05-01,2024-07-31,"Singapore, SN",0.9973,CITY:SN000001
1913-08-01,2024-07-31,"Barcelona, SP",1,CITY:SP000001
1947-03-01,2024-07-31,"Bilbao, SP",1,CITY:SP000002
1935-01-01,2024-07-31,"Ceuta, SP",0.9973,CITY:SP000003
1948-11-01,2024-07-31,"Logrono, SP",1,CITY:SP000005
1920-01-01,2024-11-14,"Madrid, SP",1,CITY:SP000006
1961-05-01,2024-07-31,"Melilla, SP",0.9954,CITY:SP000007
1940-01-01,2024-07-31,"Murcia, SP",1,CITY:SP000009
1972-12-01,2024-05-31,"Oviedo, SP",1,CITY:SP000010
1972-08-01,2024-07-31,"Palma De Mallorca, SP",1,CITY:SP000011
1953-09-01,2024-07-31,"Pamplona, SP",1,CITY:SP000012
1931-01-01,2024-07-31,"Santa Cruz de Tenerife, SP",1,CITY:SP000013
1924-01-01,2024-07-31,"Santander, SP",1,CITY:SP000014
1943-11-01,2024-07-31,"Santiago De Compostela, SP",1,CITY:SP000015
1946-02-01,2024-07-31,"Seville, SP",1,CITY:SP000016
1920-01-01,2024-05-31,"Toledo, SP",1,CITY:SP000017
1935-01-01,2024-07-31,"Valencia, SP",1,CITY:SP000018
1936-11-01,2024-07-31,"Valladolid, SP",1,CITY:SP000019
1943-03-01,2024-07-31,"Vitoria, SP",1,CITY:SP000020
1941-01-01,2024-07-31,"Zaragoza, SP",1,CITY:SP000021
1943-04-01,2023-04-13,"El Fasher, SU",1,CITY:SU000001
1957-07-01,2023-04-13,"El Obeid, SU",0.9993,CITY:SU000002
1942-11-01,2023-04-15,"Khartoum, SU",0.9993,CITY:SU000003
1957-07-01,2010-04-25,"Malakal, SU",0.9999,CITY:SU000004
1942-11-01,2023-04-15,"Omdurman, SU",0.9993,CITY:SU000005
1957-07-01,2019-04-14,"Port Sudan, SU",0.9999,CITY:SU000006
1961-01-01,2015-07-23,"Wau, SU",0.9971,CITY:SU000007
1858-12-01,2024-06-30,"Gavle, SW",1,CITY:SW000001
1880-01-01,2024-07-31,"Goteborg, SW",1,CITY:SW000002
1859-02-01,2024-06-30,"Halmstad, SW",1,CITY:SW000003
1858-12-01,2024-07-31,"Jonkoping, SW",1,CITY:SW000004
1860-01-01,2024-07-31,"Karlstad, SW",1,CITY:SW000005
1858-12-01,2024-07-31,"Linkoping, SW",1,CITY:SW000006
1863-01-01,2024-06-30,"Malmo, SW",1,CITY:SW000007
1858-12-01,2024-06-30,"Orebro, SW",1,CITY:SW000008
1859-01-01,2024-06-30,"Stockholm, SW",1,CITY:SW000009
1858-11-01,2024-06-30,"Umea, SW",1,CITY:SW000010
1836-01-01,2024-06-30,"Uppsala, SW",1,CITY:SW000011
1858-12-29,2024-06-30,"Vasteras, SW",1,CITY:SW000012
1860-01-01,2024-06-30,"Vaxjo, SW",1,CITY:SW000013
1955-09-01,2024-07-31,"Aleppo, SY",0.9973,CITY:SY000001
1928-09-01,2024-07-31,"Damascus, SY",1,CITY:SY000004
1957-06-01,2012-07-25,"Dayr az Zawr, SY",1,CITY:SY000005
1957-06-01,2024-11-14,"Hamah, SY",1,CITY:SY000006
1914-01-01,2024-11-14,"Homs, SY",1,CITY:SY000007
1928-09-01,1975-12-31,"Tartus, SY",0.3099,CITY:SY000009
1901-01-01,2024-11-14,"Basel, SZ",1,CITY:SZ000001
1901-01-01,2024-07-31,"Geneva, SZ",1,CITY:SZ000003
1882-09-01,2024-07-31,"Saint Gallen, SZ",1,CITY:SZ000006
1901-01-01,2024-07-31,"Zurich, SZ",1,CITY:SZ000007
1943-01-01,2024-07-31,"Bangkok, TH",1,CITY:TH000001
1951-01-01,2024-07-31,"Chang Rai, TH",1,CITY:TH000003
1951-01-01,2024-07-31,"Chanthaburi, TH",1,CITY:TH000004
1943-01-01,2024-07-31,"Chiang Mai, TH",0.9993,CITY:TH000005
1951-01-01,2024-07-31,"Chon Buri, TH",0.9949,CITY:TH000006
1951-01-01,2024-07-31,"Chumphon, TH",1,CITY:TH000007
1951-01-01,2024-07-31,"Kanchanaburi, TH",0.9987,CITY:TH000010
1951-01-01,2024-07-31,"Khon Kaen, TH",0.9924,CITY:TH000011
1951-01-01,2024-07-31,"Lampang, TH",0.9758,CITY:TH000012
1951-01-01,2024-07-31,"Nakhon Ratchasima, TH",1,CITY:TH000015
1951-01-01,2024-07-31,"Nakhon Si Thammarat, TH",0.9987,CITY:TH000016
1950-06-01,2024-07-31,"Nong Khai, TH",1,CITY:TH000017
1951-01-01,2024-07-31,"Phetchabun, TH",0.9975,CITY:TH000018
1951-01-01,2024-07-31,"Phitsanulok, TH",1,CITY:TH000019
1951-01-01,2024-07-31,"Phuket, TH",0.9668,CITY:TH000021
1951-01-01,2024-07-31,"Sakon Nakhon, TH",1,CITY:TH000023
1951-01-01,2024-07-31,"Samut Prakan, TH",0.9999,CITY:TH000024
1951-01-01,2024-07-31,"Supham Buri, TH",0.9987,CITY:TH000026
1951-01-01,2024-07-31,"Surat Thani, TH",0.9962,CITY:TH000027
1951-01-01,2024-07-31,"Trang, TH",0.9987,CITY:TH000028
1951-01-01,2024-07-31,"Ubon Ratchathani, TH",1,CITY:TH000029
1951-01-01,1985-12-31,"Udon Thani, TH",1,CITY:TH000030
1951-01-01,2024-07-31,"Uttaradit, TH",0.9873,CITY:TH000031
1926-04-01,2024-07-31,"Dushanbe, TI",0.9986,CITY:TI000001
1936-01-01,1991-06-30,"Kulob, TI",0.946,CITY:TI000002
1936-01-01,2024-07-31,"Leninobod, TI",0.9819,CITY:TI000003
1929-01-01,2024-07-31,"Qurghonteppa, TI",0.9922,CITY:TI000004
1945-01-01,2024-07-31,"Lome, TO",0.9981,CITY:TO000003
1899-04-01,1961-12-31,"Bizerte, TS",0.9973,CITY:TS000002
1887-01-01,2024-07-31,"Gabes, TS",1,CITY:TS000003
1957-01-02,2024-07-31,"Gafsa, TS",1,CITY:TS000004
1943-07-01,2024-07-31,"Jendouba, TS",0.8744,CITY:TS000005
1900-01-01,2024-07-31,"Kairouan, TS",0.9973,CITY:TS000006
1886-06-01,1957-05-31,"Sfax, TS",1,CITY:TS000009
1886-03-01,2024-07-31,"Tunis, TS",1,CITY:TS000012
2007-04-01,2024-07-31,"Adiyaman, TU",0.9986,CITY:TU000001
2003-11-01,2024-07-31,"Agri, TU",0.8421,CITY:TU000002
1973-01-01,2024-07-31,"Aintab, TU",1,CITY:TU000003
2002-12-01,2024-07-31,"Ankara, TU",0.9991,CITY:TU000005
1951-01-01,2024-07-31,"Antalya, TU",0.9819,CITY:TU000006
1982-11-01,2024-07-31,"Aydin, TU",1,CITY:TU000008
1950-01-01,2024-07-31,"Balikesir, TU",0.9973,CITY:TU000009
1998-05-01,2024-07-31,"Bingol, TU",0.9999,CITY:TU000010
1973-01-01,2024-07-31,"Bolu, TU",0.9973,CITY:TU000011
1929-01-01,2024-07-31,"Burdur, TU",1,CITY:TU000012
1973-01-01,2024-07-31,"Bursa, TU",1,CITY:TU000013
1963-01-01,2024-07-31,"Canakkale, TU",0.9265,CITY:TU000014
2007-01-01,2024-07-31,"Cankiri, TU",0.9991,CITY:TU000015
1973-01-01,2024-07-31,"Corum, TU",0.8286,CITY:TU000016
1973-01-01,2024-07-31,"Denizli, TU",0.8744,CITY:TU000017
1950-01-01,2024-07-31,"Diyarbakir, TU",1,CITY:TU000018
1955-01-01,2024-07-31,"Edirne, TU",0.9819,CITY:TU000019
1973-01-01,2024-07-31,"Elazig, TU",1,CITY:TU000020
1950-01-01,2024-07-31,"Erzincan, TU",0.9249,CITY:TU000021
1950-05-01,2024-07-31,"Erzurum, TU",0.9973,CITY:TU000022
1973-01-01,2024-07-31,"Giresun, TU",0.9991,CITY:TU000024
1973-01-01,2024-07-31,"Hakkari, TU",1,CITY:TU000025
1929-01-01,2024-07-31,"Isparta, TU",1,CITY:TU000026
1929-01-01,2024-07-31,"Istanbul, TU",1,CITY:TU000027
1950-01-01,2024-07-31,"Izmir, TU",1,CITY:TU000028
1998-05-01,2024-07-31,"Kahramanmaras, TU",0.7662,CITY:TU000029
1963-03-01,2024-07-31,"Kars, TU",0.916,CITY:TU000030
1930-01-01,2024-07-31,"Kastamonu, TU",1,CITY:TU000031
1963-01-01,2024-07-31,"Kirsehir, TU",0.9992,CITY:TU000034
1950-01-02,2024-07-31,"Konya, TU",0.9233,CITY:TU000036
2003-03-01,2024-07-31,"Kutahya, TU",1,CITY:TU000037
